,id,ocenena_spotreba,year
0,1000,3369858546.702779,2022
1,1001,5115249212.697129,2022
2,1002,45589066049.58515,2022
3,1003,3614757925.0662594,2022
4,1004,2284949291.577578,2022
5,1005,4666507418.319877,2022
6,1006,70431556136.47859,2022
7,1007,2399821661.6708264,2022
8,1008,4312414079.863944,2022
9,1009,2875952272.1171293,2022
10,1010,4082876556.703791,2022
11,1011,2722407495.2494655,2022
12,1012,2243175177.0331163,2022
13,1013,2556306647.033073,2022
14,1014,44877115871.45165,2022
15,1015,3489305681.372685,2022
16,1016,74675310250.14357,2022
17,1017,3602341245.4830165,2022
18,1018,87577882393.8226,2022
19,1019,125222828288.14284,2022
20,1020,3298046838.1115437,2022
21,1021,3523504116.157891,2022
22,1022,3067019250.880329,2022
23,1023,117666346495.56248,2022
24,1024,57884984261.91023,2022
25,1025,4949788311.815365,2022
26,1026,85431895030.86694,2022
27,1027,4509718477.441822,2022
28,1028,69842630512.99385,2022
29,1029,5414086762.002615,2022
30,1030,3488976208.725986,2022
31,1031,4293335778.9773192,2022
32,1032,5244817286.923876,2022
33,1033,1693875444.5979712,2022
34,1034,132376441383.26172,2022
35,1035,1797156386.2235823,2022
36,1036,3704979076.172873,2022
37,1037,76833746686.261,2022
38,1038,2578301966.532921,2022
39,1039,5597375283.440931,2022
40,1040,4206259691.9204435,2022
41,1041,3475109237.086288,2022
42,1042,66984796524.59199,2022
43,1043,5102655365.618459,2022
44,1044,2555399765.486203,2022
45,1045,119074526363.95044,2022
46,1046,5296217955.476075,2022
47,1047,2294002073.1209373,2022
48,1048,3893041445.4509172,2022
49,1049,4714980267.538748,2022
50,1050,3699841670.6160192,2022
51,1051,2598668511.375594,2022
52,1052,1783634412.365104,2022
53,1053,4763188438.694367,2022
54,1054,129336784939.87596,2022
55,1055,3368929971.5450106,2022
56,1056,3094539203.235711,2022
57,1057,4688454183.967478,2022
58,1058,3910559953.31949,2022
59,1059,3331665871.8667145,2022
60,1060,4554201481.288486,2022
61,1061,85189442002.70033,2022
62,1062,119699760221.32164,2022
63,1063,1830555443.475888,2022
64,1064,2745697209.8571844,2022
65,1065,4962088666.415084,2022
66,1066,5171119425.004784,2022
67,1067,5692690108.594477,2022
68,1068,2228318097.848493,2022
69,1069,4596358891.462179,2022
70,1070,3029692460.250552,2022
71,1071,3322072713.463568,2022
72,1072,4592983456.596423,2022
73,1073,5053051221.722412,2022
74,1074,2718145829.0623283,2022
75,1075,1603143943.3933187,2022
76,1076,57514200689.10342,2022
77,1077,4365692218.458186,2022
78,1078,2117758046.5255542,2022
79,1079,3224326692.64128,2022
80,1080,74175359463.0053,2022
81,1081,2946662953.590137,2022
82,1082,3622073379.0414586,2022
83,1083,92857942618.36565,2022
84,1084,4400240754.660835,2022
85,1085,1999516656.4656024,2022
86,1086,81657294542.51558,2022
87,1087,87738919796.38647,2022
88,1088,5513985133.738672,2022
89,1089,4406924593.68401,2022
90,1090,81045752644.53949,2022
91,1091,2967911025.3458514,2022
92,1092,4438628036.188092,2022
93,1093,3658074747.8908806,2022
94,1094,3191882285.9953833,2022
95,1095,3420206379.6143203,2022
96,1096,4053912237.4062743,2022
97,1097,1587818070.002023,2022
98,1098,68430226457.55829,2022
99,1099,86031770258.95178,2022
100,1100,4267243022.1184115,2022
101,1101,95478994424.62294,2022
102,1102,3325322158.993279,2022
103,1103,1995078142.1945775,2022
104,1104,104905373659.85066,2022
105,1105,2803264297.392063,2022
106,1106,2689073645.3144326,2022
107,1107,1922946789.163666,2022
108,1108,5090332004.413151,2022
109,1109,5649825363.348414,2022
110,1110,3994170955.0114346,2022
111,1111,101527092647.47374,2022
112,1112,112139126842.12697,2022
113,1113,2085397370.0893188,2022
114,1114,4363459552.898869,2022
115,1115,57827607025.150185,2022
116,1116,3955372164.6188664,2022
117,1117,3325764073.0855613,2022
118,1118,4855257668.811783,2022
119,1119,3972586069.7597795,2022
120,1120,3832307703.146758,2022
121,1121,2000397459.4712117,2022
122,1122,5396493596.249753,2022
123,1123,2579324539.680544,2022
124,1124,133593147495.99556,2022
125,1125,101795104486.92216,2022
126,1126,4767015078.431041,2022
127,1127,3174242167.8233,2022
128,1128,2211106641.451201,2022
129,1129,2441568654.4665275,2022
130,1130,3861272163.817324,2022
131,1131,2039292465.5224264,2022
132,1132,2000515291.5109963,2022
133,1133,115397275104.44312,2022
134,1134,125004616368.71967,2022
135,1135,2401481366.6578746,2022
136,1136,5229473139.297104,2022
137,1137,3227430396.628998,2022
138,1138,48202777196.769485,2022
139,1139,2683859096.2351317,2022
140,1140,60207519854.00655,2022
141,1141,5179938193.779273,2022
142,1142,3646858124.967301,2022
143,1143,75077324035.03532,2022
144,1144,4857109537.179398,2022
145,1145,3193696128.230729,2022
146,1146,112030129883.15413,2022
147,1147,1723022062.3255255,2022
148,1148,1847003853.2230058,2022
149,1149,95342405686.96172,2022
150,1150,81115835028.52966,2022
151,1151,3861231147.6493115,2022
152,1152,2624524385.8165,2022
153,1153,4217329627.0409827,2022
154,1154,75204932675.68816,2022
155,1155,137123889019.77382,2022
156,1156,2443919037.5756207,2022
157,1157,2145485401.8076837,2022
158,1158,2226445682.2083244,2022
159,1159,1854142783.7554555,2022
160,1160,3622350695.155351,2022
161,1161,2502857904.3883266,2022
162,1162,52375568059.482735,2022
163,1163,4181706940.2369585,2022
164,1164,2549339856.425769,2022
165,1165,4665634341.617254,2022
166,1166,61005248787.72919,2022
167,1167,3971510352.235724,2022
168,1168,117333968810.89893,2022
169,1169,86063311940.45981,2022
170,1170,1925192113.3658297,2022
171,1171,3021666072.359744,2022
172,1172,2262507063.1056795,2022
173,1173,3134755585.6310487,2022
174,1174,4673346173.559364,2022
175,1175,4163001068.8396273,2022
176,1176,3136721888.1042986,2022
177,1177,4429302590.069833,2022
178,1178,4112488464.77756,2022
179,1179,4101487967.043672,2022
180,1180,4226265271.376604,2022
181,1181,2285850907.249382,2022
182,1182,5144252548.383847,2022
183,1183,2131459981.8574214,2022
184,1184,60528206119.454285,2022
185,1185,3663934790.9653163,2022
186,1186,3319110582.943955,2022
187,1187,5673135979.637418,2022
188,1188,4512388772.046007,2022
189,1189,3692709678.0704327,2022
190,1190,3229033586.8585386,2022
191,1191,2698691079.312947,2022
192,1192,3342665329.038988,2022
193,1193,3261437607.5942254,2022
194,1194,64796082770.98216,2022
195,1195,4621729995.351297,2022
196,1196,2343174156.943824,2022
197,1197,4698408304.2007,2022
198,1198,2804035771.992804,2022
199,1199,75164797774.91655,2022
200,1200,5321035225.346613,2022
201,1201,2728409875.146387,2022
202,1202,4081138895.149062,2022
203,1203,4354618136.368823,2022
204,1204,4245269427.411917,2022
205,1205,98441171144.52148,2022
206,1206,4967725328.414781,2022
207,1207,3693950846.3099294,2022
208,1208,87280633493.02496,2022
209,1209,4110831298.6332874,2022
210,1210,3387806773.382815,2022
211,1211,78046540740.40973,2022
212,1212,4810153899.737945,2022
213,1213,5044841661.713591,2022
214,1214,128308766752.50964,2022
215,1215,108210451629.14603,2022
216,1216,3066712113.846908,2022
217,1217,4083513053.305569,2022
218,1218,4672727911.096245,2022
219,1219,3242421166.919408,2022
220,1220,3994411352.9566135,2022
221,1221,4148504570.8423615,2022
222,1222,1981622906.611158,2022
223,1223,4242714837.4683623,2022
224,1224,129939545292.15964,2022
225,1225,5646720693.6532,2022
226,1226,64438243800.7161,2022
227,1227,2137096146.224785,2022
228,1228,5049395655.822628,2022
229,1229,2874951542.8387027,2022
230,1230,104793973103.18324,2022
231,1231,2090492973.5327291,2022
232,1232,5144703038.348525,2022
233,1233,139048872858.1717,2022
234,1234,2827347665.794407,2022
235,1235,3119038940.2280145,2022
236,1236,4527690145.371416,2022
237,1237,4395600428.6147995,2022
238,1238,2774583033.0705695,2022
239,1239,2437538526.351427,2022
240,1240,3907299147.448618,2022
241,1241,85619039539.20586,2022
242,1242,80106301310.35867,2022
243,1243,80618791455.19939,2022
244,1244,94718965173.00337,2022
245,1245,5047561689.536986,2022
246,1246,5501174981.606485,2022
247,1247,3513385367.4800625,2022
248,1248,4653516018.099097,2022
249,1249,5079988183.807709,2022
250,1250,2959807114.6557136,2022
251,1251,4199748423.6664553,2022
252,1252,5291047394.814555,2022
253,1253,2314060667.015651,2022
254,1254,4478236603.030537,2022
255,1255,2982754668.8490176,2022
256,1256,107788228337.92273,2022
257,1257,119415116773.2007,2022
258,1258,2211355162.651378,2022
259,1259,105083654495.65207,2022
260,1260,105968083142.3826,2022
261,1261,1786319108.6803036,2022
262,1262,127538902089.94963,2022
263,1263,2048687617.9973514,2022
264,1264,3230943682.5764637,2022
265,1265,132177013818.6923,2022
266,1266,2307117980.2272177,2022
267,1267,2272811909.381476,2022
268,1268,105760442552.31027,2022
269,1269,4573437730.037984,2022
270,1270,3594824673.456749,2022
271,1271,85517848384.38399,2022
272,1272,5157565149.264595,2022
273,1273,5209166771.091516,2022
274,1274,2553420903.584287,2022
275,1275,2615219094.3033776,2022
276,1276,4060820091.1825886,2022
277,1277,3033100221.7992578,2022
278,1278,2636894437.861818,2022
279,1279,40349203466.99882,2022
280,1280,4388336384.941562,2022
281,1281,5580622167.624847,2022
282,1282,3150798565.769835,2022
283,1283,4358263315.6946535,2022
284,1284,3900545269.7768307,2022
285,1285,5386104509.005675,2022
286,1286,125295020872.79375,2022
287,1287,115274702567.97238,2022
288,1288,3814824748.3745713,2022
289,1289,1889766995.326769,2022
290,1290,2927640842.3241,2022
291,1291,40995543310.927704,2022
292,1292,3501660628.943638,2022
293,1293,4471108231.076352,2022
294,1294,140355021215.24194,2022
295,1295,92981158193.75366,2022
296,1296,2879574829.9196515,2022
297,1297,2806161566.319434,2022
298,1298,2868210015.8043814,2022
299,1299,3463242310.9694667,2022
300,1300,3776720066.903808,2022
301,1301,123041268721.69371,2022
302,1302,3943915299.127302,2022
303,1303,2871606157.46478,2022
304,1304,3245488044.489516,2022
305,1305,5114197353.945396,2022
306,1306,47173030681.54142,2022
307,1307,4169465441.6745157,2022
308,1308,80662859017.48766,2022
309,1309,2547360157.77602,2022
310,1310,2184582893.7148957,2022
311,1311,2102475118.3185184,2022
312,1312,3408186697.3013334,2022
313,1313,61542293115.20596,2022
314,1314,50112938863.73009,2022
315,1315,2822803285.7694416,2022
316,1316,4557607457.457773,2022
317,1317,3573584106.9491863,2022
318,1318,69585051835.10712,2022
319,1319,2519899643.172622,2022
320,1320,3513747895.683131,2022
321,1321,103200063210.9646,2022
322,1322,135865113233.13065,2022
323,1323,124270977784.42744,2022
324,1324,5337856443.486345,2022
325,1325,3407674437.76601,2022
326,1326,5170351640.177096,2022
327,1327,4580081037.593342,2022
328,1328,2565272964.7076354,2022
329,1329,95742827971.50583,2022
330,1330,2836648867.2522535,2022
331,1331,57374794080.097206,2022
332,1332,106239931763.91193,2022
333,1333,3509591165.2146463,2022
334,1334,83851797762.42398,2022
335,1335,3214648875.582153,2022
336,1336,2254783969.396306,2022
337,1337,3742526850.5928874,2022
338,1338,4083428198.031319,2022
339,1339,3334674718.8999777,2022
340,1340,2350281026.3259254,2022
341,1341,2910620700.161536,2022
342,1342,4936516287.857807,2022
343,1343,2935459127.49029,2022
344,1344,106031087215.21361,2022
345,1345,1801261897.4864845,2022
346,1346,104769101803.77148,2022
347,1347,91256237812.07912,2022
348,1348,3607143356.4868393,2022
349,1349,123486836546.36469,2022
350,1350,85015166643.74173,2022
351,1351,4908063097.229999,2022
352,1352,4390984915.112522,2022
353,1353,4841183182.380991,2022
354,1354,4779753180.2785845,2022
355,1355,5239157928.713887,2022
356,1356,2721214737.4831295,2022
357,1357,5475087804.0669775,2022
358,1358,2925512231.120804,2022
359,1359,107535545015.57837,2022
360,1360,2249513645.3027945,2022
361,1361,128755439567.25407,2022
362,1362,5419285227.976779,2022
363,1363,75614756836.71904,2022
364,1364,3533748793.3033886,2022
365,1365,5257905895.412175,2022
366,1366,50775324148.55904,2022
367,1367,54063297773.78465,2022
368,1368,2603811303.477741,2022
369,1369,3526658380.2088046,2022
370,1370,1897300061.4992924,2022
371,1371,3688468255.898543,2022
372,1372,2637857840.8941317,2022
373,1373,1733449007.7776067,2022
374,1374,133303823737.09604,2022
375,1375,59481582375.0935,2022
376,1376,4196853151.8086686,2022
377,1377,65181596935.98896,2022
378,1378,111314874048.72571,2022
379,1379,4995885755.621138,2022
380,1380,1710541824.981115,2022
381,1381,2769934196.9654503,2022
382,1382,5476055487.347349,2022
383,1383,3845872062.558639,2022
384,1384,78750452857.59679,2022
385,1385,2699634557.803973,2022
386,1386,4129814518.582214,2022
387,1387,3994621886.014971,2022
388,1388,4613029864.655564,2022
389,1389,88556587432.07835,2022
390,1390,3013134128.231362,2022
391,1391,3343968666.978219,2022
392,1392,2112739503.2284474,2022
393,1393,3160657286.5142965,2022
394,1394,3042348061.7632294,2022
395,1395,3797159912.927669,2022
396,1396,113827409558.33543,2022
397,1397,4395858196.488088,2022
398,1398,3860503861.353278,2022
399,1399,2813369984.578601,2022
400,1400,1840314234.670967,2022
401,1401,79694732934.54004,2022
402,1402,55225704990.831566,2022
403,1403,2992651803.7743125,2022
404,1404,2736639809.053782,2022
405,1405,2554638707.841141,2022
406,1406,4531970036.386148,2022
407,1407,4624458271.933864,2022
408,1408,4551990476.077235,2022
409,1409,81421541662.39235,2022
410,1410,4378623529.479037,2022
411,1411,2631068098.954001,2022
412,1412,46739636388.8413,2022
413,1413,3775312439.307384,2022
414,1414,4046450657.70292,2022
415,1415,1686926127.41148,2022
416,1416,42409808943.6692,2022
417,1417,1926454876.8918822,2022
418,1418,126129220543.27335,2022
419,1419,4942541876.800187,2022
420,1420,68365270320.5042,2022
421,1421,4034001747.101122,2022
422,1422,1965156981.9627373,2022
423,1423,4394774926.030705,2022
424,1424,103995469483.01222,2022
425,1425,97424797059.366,2022
426,1426,3278354799.755005,2022
427,1427,4922581433.243217,2022
428,1428,44778535040.70725,2022
429,1429,2494269825.2748175,2022
430,1430,2375559902.3420897,2022
431,1431,4579153766.969884,2022
432,1432,67454315880.57171,2022
433,1433,4408132964.0952215,2022
434,1434,4844310838.635789,2022
435,1435,2905200383.461344,2022
436,1436,5369163825.121764,2022
437,1437,3014165975.4717817,2022
438,1438,127132108849.99838,2022
439,1439,2315803108.2142806,2022
440,1440,4235430757.3927813,2022
441,1441,2721073933.9988594,2022
442,1442,5214737612.488881,2022
443,1443,61184885261.602234,2022
444,1444,54113739333.890686,2022
445,1445,120415470322.29765,2022
446,1446,2378949847.045056,2022
447,1447,92875285440.36606,2022
448,1448,55851365000.47881,2022
449,1449,2064333277.64058,2022
450,1450,2587549436.5071445,2022
451,1451,2904860706.439538,2022
452,1452,4047236922.4257836,2022
453,1453,41152517549.83036,2022
454,1454,91944303402.81139,2022
455,1455,2663785512.12466,2022
456,1456,111904922577.13396,2022
457,1457,87653019743.91374,2022
458,1458,3267187317.7588534,2022
459,1459,2050076916.019107,2022
460,1460,3336735940.2984967,2022
461,1461,68332477131.66578,2022
462,1462,5474361465.235704,2022
463,1463,2632948049.190764,2022
464,1464,42601458167.37536,2022
465,1465,4762420702.018116,2022
466,1466,4909975439.45282,2022
467,1467,90148720962.40352,2022
468,1468,5234288988.200006,2022
469,1469,3830293158.6534967,2022
470,1470,1730519238.169189,2022
471,1471,67008860227.30508,2022
472,1472,81335488429.95396,2022
473,1473,5089429745.303498,2022
474,1474,95127067533.04274,2022
475,1475,3609784885.753631,2022
476,1476,46924073655.22111,2022
477,1477,3404676791.43529,2022
478,1478,106829185626.0991,2022
479,1479,3410974555.549473,2022
480,1480,5238452561.387703,2022
481,1481,137134155313.33696,2022
482,1482,128604567128.12506,2022
483,1483,120683587044.2898,2022
484,1484,1751357892.0462883,2022
485,1485,5395244465.186718,2022
486,1486,42195626436.786125,2022
487,1487,49744138082.80492,2022
488,1488,2626109843.766727,2022
489,1489,2366254359.0193095,2022
490,1490,2160757024.3131857,2022
491,1491,4412047513.296721,2022
492,1492,3269286229.856628,2022
493,1493,2983712264.013127,2022
494,1494,3108512299.7506943,2022
495,1495,4527684341.897017,2022
496,1496,101409601207.78499,2022
497,1497,4209535237.2750497,2022
498,1498,1694162867.5906668,2022
499,1499,3931365992.81229,2022
500,1500,2182811098.057651,2022
501,1501,2788642054.627608,2022
502,1502,2612306767.832718,2022
503,1503,62071742744.015755,2022
504,1504,86005035780.25491,2022
505,1505,4823659405.938347,2022
506,1506,78886007459.84094,2022
507,1507,3981129620.2780747,2022
508,1508,2489408578.811914,2022
509,1509,3707377395.725497,2022
510,1510,4675102088.322271,2022
511,1511,73534739867.61276,2022
512,1512,3265084475.519958,2022
513,1513,4768066420.861326,2022
514,1514,3767375795.428581,2022
515,1515,87474209796.51971,2022
516,1516,3816525005.7158685,2022
517,1517,2062743755.8682933,2022
518,1518,3169186326.5078373,2022
519,1519,121070795845.72247,2022
520,1520,4689720930.464601,2022
521,1521,5359601507.299298,2022
522,1522,4202528244.7456803,2022
523,1523,104823810137.24403,2022
524,1524,2326456311.20335,2022
525,1525,102189617666.85089,2022
526,1526,4967998180.327852,2022
527,1527,3402635093.7773933,2022
528,1528,1757608371.2067184,2022
529,1529,3992412214.7555842,2022
530,1530,5279511234.036075,2022
531,1531,5091141390.675163,2022
532,1532,120283426107.05525,2022
533,1533,3745719296.4256387,2022
534,1534,76571196113.73215,2022
535,1535,88474689541.47038,2022
536,1536,1663053180.255022,2022
537,1537,97498653604.83308,2022
538,1538,4648146156.596733,2022
539,1539,2786427171.9078526,2022
540,1540,4654971800.681345,2022
541,1541,4251777507.236985,2022
542,1542,78532562603.05698,2022
543,1543,4383482988.033317,2022
544,1544,4705169357.874946,2022
545,1545,75438226027.79323,2022
546,1546,4789293426.758765,2022
547,1547,66191377343.82731,2022
548,1548,1809691360.482475,2022
549,1549,72671448655.96912,2022
550,1550,4714809671.866051,2022
551,1551,2671180239.034077,2022
552,1552,3536060027.609642,2022
553,1553,60739639552.295395,2022
554,1554,2554008443.8264995,2022
555,1555,2763011841.5945425,2022
556,1556,4595615047.988647,2022
557,1557,3771899876.5483904,2022
558,1558,50309783446.9759,2022
559,1559,62498473688.396225,2022
560,1560,4183382670.510002,2022
561,1561,1981139305.368295,2022
562,1562,5179406373.753472,2022
563,1563,3079821988.811764,2022
564,1564,4581808289.594125,2022
565,1565,4226552498.7012267,2022
566,1566,56462650317.07427,2022
567,1567,114629418666.00134,2022
568,1568,90265689242.68825,2022
569,1569,53587697297.919014,2022
570,1570,93992002712.03314,2022
571,1571,124400007254.29051,2022
572,1572,134619634176.28085,2022
573,1573,2262948011.3467336,2022
574,1574,1854496588.6133955,2022
575,1575,110294856407.5365,2022
576,1576,105656351792.6092,2022
577,1577,2118924686.873086,2022
578,1578,2428089745.664264,2022
579,1579,92279041489.41951,2022
580,1580,46296975215.707405,2022
581,1581,1871678361.8812788,2022
582,1582,5169824829.303229,2022
583,1583,88924899005.42053,2022
584,1584,139978634514.15042,2022
585,1585,50460302549.93055,2022
586,1586,2415583390.0785713,2022
587,1587,2046279899.8045802,2022
588,1588,4413475517.68063,2022
589,1589,1611923192.076306,2022
590,1590,4385614227.592707,2022
591,1591,5196597035.939404,2022
592,1592,5667297558.030858,2022
593,1593,2126924659.774577,2022
594,1594,49050280515.31178,2022
595,1595,4173159851.2553873,2022
596,1596,2405258979.1188807,2022
597,1597,108905106334.36946,2022
598,1598,4909401610.286671,2022
599,1599,55375259648.11597,2022
600,1600,4780350398.234352,2022
601,1601,4623854138.916476,2022
602,1602,3074921235.4718595,2022
603,1603,97973883089.15196,2022
604,1604,3373444959.5656433,2022
605,1605,55524369585.67998,2022
606,1606,3274520475.792263,2022
607,1607,4224018293.138282,2022
608,1608,5024627557.328567,2022
609,1609,1612991553.292658,2022
610,1610,3915847455.930374,2022
611,1611,109130421447.84302,2022
612,1612,96386479968.04715,2022
613,1613,77119989172.24069,2022
614,1614,100795497934.27728,2022
615,1615,136433144496.35745,2022
616,1616,74295681241.26097,2022
617,1617,60360573446.08398,2022
618,1618,85041526716.08249,2022
619,1619,2829359947.7967257,2022
620,1620,2747747578.669306,2022
621,1621,2718291759.1775813,2022
622,1622,3411153145.430894,2022
623,1623,106311351640.29341,2022
624,1624,67322554210.95135,2022
625,1625,1814216844.54541,2022
626,1626,4665751927.551688,2022
627,1627,134479822355.69171,2022
628,1628,89264703308.46951,2022
629,1629,4005431425.028377,2022
630,1630,51197419614.615326,2022
631,1631,43070945523.50186,2022
632,1632,3068256330.1103745,2022
633,1633,3607597554.8011584,2022
634,1634,1663177078.4629803,2022
635,1635,116049913504.79158,2022
636,1636,67424282640.185776,2022
637,1637,3359382578.721083,2022
638,1638,4549943322.124813,2022
639,1639,4966537414.100767,2022
640,1640,4792060676.135421,2022
641,1641,5173701002.0969095,2022
642,1642,2527405033.162867,2022
643,1643,4431608047.43478,2022
644,1644,4686015552.916179,2022
645,1645,2769345614.873715,2022
646,1646,46778775598.14622,2022
647,1647,52784109633.54014,2022
648,1648,2103894542.7824118,2022
649,1649,3267332042.2822223,2022
650,1650,2490469994.7668395,2022
651,1651,3344702938.8657775,2022
652,1652,2203123393.7617865,2022
653,1653,4451251808.234186,2022
654,1654,4133710205.7794952,2022
655,1655,3256007935.602725,2022
656,1656,1895446226.889113,2022
657,1657,3859888212.9726586,2022
658,1658,4546138318.731379,2022
659,1659,2268764200.3218417,2022
660,1660,5434033528.895148,2022
661,1661,133001416131.88654,2022
662,1662,2299066725.2095056,2022
663,1663,40502521564.92328,2022
664,1664,2899157030.4604015,2022
665,1665,3909344511.4560633,2022
666,1666,2187337335.496424,2022
667,1667,1646318056.2470856,2022
668,1668,77787469406.31122,2022
669,1669,128374580507.18967,2022
670,1670,49755312697.688416,2022
671,1671,4040206093.621995,2022
672,1672,4892085951.184332,2022
673,1673,4673714077.282106,2022
674,1674,4629617716.020676,2022
675,1675,132265162108.8156,2022
676,1676,4867382360.404316,2022
677,1677,4052133145.1141105,2022
678,1678,4478139089.930957,2022
679,1679,62853175055.54336,2022
680,1680,5311155862.867249,2022
681,1681,51844940671.34124,2022
682,1682,2450736812.4484215,2022
683,1683,90405519517.17522,2022
684,1684,85075353885.81383,2022
685,1685,2231783510.774691,2022
686,1686,3319256621.4206934,2022
687,1687,2187089139.650505,2022
688,1688,4531355089.957877,2022
689,1689,4327128097.763147,2022
690,1690,127388061514.83849,2022
691,1691,77482873549.4771,2022
692,1692,3501099657.9754596,2022
693,1693,2927412902.549414,2022
694,1694,2119603427.6243033,2022
695,1695,96472428715.7132,2022
696,1696,4078540966.2092404,2022
697,1697,115116377659.69473,2022
698,1698,4710851239.566189,2022
699,1699,71929854436.32553,2022
700,1700,2109897561.7021046,2022
701,1701,4831264996.802765,2022
702,1702,3132340866.021351,2022
703,1703,4081222244.4637394,2022
704,1704,133661692129.89662,2022
705,1705,5423403657.520154,2022
706,1706,5135828780.501912,2022
707,1707,3162041221.1303883,2022
708,1708,4696970430.419605,2022
709,1709,68616956676.20824,2022
710,1710,114748991715.87608,2022
711,1711,4162852228.488775,2022
712,1712,4837371430.990809,2022
713,1713,2650446672.68002,2022
714,1714,3538577813.3197684,2022
715,1715,2299268477.137381,2022
716,1716,132704628878.36188,2022
717,1717,2519853001.744694,2022
718,1718,3274430917.42581,2022
719,1719,3309241517.307932,2022
720,1720,127665607992.3517,2022
721,1721,60839865884.04661,2022
722,1722,4737946436.681611,2022
723,1723,3948322882.248562,2022
724,1724,116816391864.05591,2022
725,1725,4823652567.353718,2022
726,1726,4607113740.583104,2022
727,1727,5444901327.937613,2022
728,1728,79916163254.2499,2022
729,1729,2611415734.128432,2022
730,1730,2239375105.079777,2022
731,1731,3533554672.8991394,2022
732,1732,4257577130.3217025,2022
733,1733,3501213604.2647214,2022
734,1734,4744637640.660311,2022
735,1735,3429472503.0067897,2022
736,1736,73124309671.90598,2022
737,1737,5182578710.402564,2022
738,1738,54501402024.34291,2022
739,1739,126117889457.4705,2022
740,1740,136436573277.81114,2022
741,1741,62545290729.89775,2022
742,1742,42766315195.832184,2022
743,1743,1953714303.9449544,2022
744,1744,5053524261.559484,2022
745,1745,2088165524.784593,2022
746,1746,3788738610.353272,2022
747,1747,4830150667.532546,2022
748,1748,4122474451.743515,2022
749,1749,46968859042.97451,2022
750,1750,1715777558.655445,2022
751,1751,2868400979.0643125,2022
752,1752,51420704263.74509,2022
753,1753,2142110610.019859,2022
754,1754,2815632190.9975514,2022
755,1755,3669752135.124383,2022
756,1756,43198936597.65295,2022
757,1757,4632960561.811621,2022
758,1758,3850806446.849755,2022
759,1759,2329399935.8187037,2022
760,1760,41276876254.84926,2022
761,1761,3024872984.567116,2022
762,1762,117011445629.4349,2022
763,1763,2869329485.3379226,2022
764,1764,126063548350.62358,2022
765,1765,135816247371.1121,2022
766,1766,1712798879.1701012,2022
767,1767,1791953991.874639,2022
768,1768,3956428211.4827533,2022
769,1769,92259291697.80571,2022
770,1770,2927646976.0783935,2022
771,1771,3764174459.320781,2022
772,1772,63695506152.01934,2022
773,1773,113515943564.60219,2022
774,1774,80913633565.12497,2022
775,1775,133387473023.79665,2022
776,1776,5255373248.411039,2022
777,1777,104209603030.62949,2022
778,1778,101796211233.01096,2022
779,1779,2839186638.582415,2022
780,1780,2502032097.6293154,2022
781,1781,5005687137.591749,2022
782,1782,123348683612.55234,2022
783,1783,3255442499.1145163,2022
784,1784,4155696150.374697,2022
785,1785,5010753913.086256,2022
786,1786,102647809537.3391,2022
787,1787,95161718372.50038,2022
788,1788,4848775369.422222,2022
789,1789,1897598405.63646,2022
790,1790,2551325112.619597,2022
791,1791,3754449535.7423797,2022
792,1792,58957970882.47569,2022
793,1793,92230963894.3804,2022
794,1794,97055918932.53426,2022
795,1795,66825915406.8064,2022
796,1796,80494820499.76334,2022
797,1797,4672073700.228364,2022
798,1798,2602389922.055729,2022
799,1799,3007375686.4193835,2022
800,1800,42943475382.93352,2022
801,1801,54880131700.92105,2022
802,1802,2707907315.3291507,2022
803,1803,120177686126.72919,2022
804,1804,1872305083.599541,2022
805,1805,86246556708.82228,2022
806,1806,3709547152.633092,2022
807,1807,2577943345.302361,2022
808,1808,1931903873.169107,2022
809,1809,81817052290.87354,2022
810,1810,5416974381.995412,2022
811,1811,120251891990.10191,2022
812,1812,2266416389.938729,2022
813,1813,4802029226.234795,2022
814,1814,106688573744.60243,2022
815,1815,114297566340.97269,2022
816,1816,3136737117.766446,2022
817,1817,5155655913.34796,2022
818,1818,1663388403.576928,2022
819,1819,2094571687.765922,2022
820,1820,1652916002.3531141,2022
821,1821,117076236455.6089,2022
822,1822,2286745105.482601,2022
823,1823,98745725208.5786,2022
824,1824,5162896956.490444,2022
825,1825,4084854930.0285015,2022
826,1826,4406385385.526871,2022
827,1827,3179108627.994899,2022
828,1828,1725975482.3896089,2022
829,1829,83765228587.72552,2022
830,1830,3974384093.115692,2022
831,1831,72380215562.78848,2022
832,1832,3421492429.9855537,2022
833,1833,70163779564.8465,2022
834,1834,55861952207.542786,2022
835,1835,3965803225.1369133,2022
836,1836,52579843743.07149,2022
837,1837,95411426546.9858,2022
838,1838,3740679949.0447383,2022
839,1839,3106496460.284117,2022
840,1840,4072275307.2215676,2022
841,1841,3705450034.0316696,2022
842,1842,4678387900.235493,2022
843,1843,122261008486.61362,2022
844,1844,2403794862.3996034,2022
845,1845,133685520076.7071,2022
846,1846,3635266471.633936,2022
847,1847,101196321143.97154,2022
848,1848,95379630306.25522,2022
849,1849,42586808109.324265,2022
850,1850,3264346018.471665,2022
851,1851,4911055731.15468,2022
852,1852,5530570064.011872,2022
853,1853,4550648965.036458,2022
854,1854,3191011520.9287457,2022
855,1855,4773686172.916803,2022
856,1856,3698351369.3739805,2022
857,1857,118693775641.05914,2022
858,1858,4225663262.730525,2022
859,1859,4727885175.296786,2022
860,1860,1768451199.3320467,2022
861,1861,5417717480.526999,2022
862,1862,4064237164.7000732,2022
863,1863,125471883232.42548,2022
864,1864,3354984142.7269025,2022
865,1865,5012271798.316642,2022
866,1866,3612868986.0529833,2022
867,1867,3588246863.889994,2022
868,1868,3289226741.67744,2022
869,1869,4870389689.769142,2022
870,1870,5137790816.980205,2022
871,1871,3645195091.05596,2022
872,1872,4969589572.909629,2022
873,1873,2776945560.1575003,2022
874,1874,131281597121.9967,2022
875,1875,111928614826.3108,2022
876,1876,4548980252.704475,2022
877,1877,1940409857.0735974,2022
878,1878,3107997492.2613783,2022
879,1879,119143938509.1372,2022
880,1880,124803295341.5085,2022
881,1881,2142293497.9182386,2022
882,1882,2763914647.932117,2022
883,1883,122965288181.5822,2022
884,1884,79548592597.01581,2022
885,1885,99311698604.95805,2022
886,1886,2185451335.113088,2022
887,1887,4273579855.6216297,2022
888,1888,4132249650.2018948,2022
889,1889,3626693230.137078,2022
890,1890,76684557496.81549,2022
891,1891,1890813362.6708572,2022
892,1892,126306798886.97058,2022
893,1893,2734926554.5545855,2022
894,1894,4721083456.496397,2022
895,1895,2179702880.5416536,2022
896,1896,4896428289.571462,2022
897,1897,2701191873.4634924,2022
898,1898,2144097281.7739193,2022
899,1899,4356044963.467643,2022
900,1900,1923691480.5323205,2022
901,1901,128430155788.6501,2022
902,1902,1836202162.1433918,2022
903,1903,108613826745.21628,2022
904,1904,75041858190.32439,2022
905,1905,1784030084.2373352,2022
906,1906,4642756168.979577,2022
907,1907,4860957604.121799,2022
908,1908,3269801672.8653197,2022
909,1909,4129804514.77946,2022
910,1910,4550997657.605595,2022
911,1911,5190118938.956158,2022
912,1912,2141613266.140573,2022
913,1913,46018987517.660416,2022
914,1914,3119548502.666641,2022
915,1915,2177862215.491155,2022
916,1916,3874957837.8633566,2022
917,1917,5056665400.356813,2022
918,1918,5145576796.811904,2022
919,1919,126111155907.74207,2022
920,1920,80624960830.53905,2022
921,1921,116476274331.2747,2022
922,1922,4521736007.028606,2022
923,1923,4130134673.684764,2022
924,1924,98674085187.56572,2022
925,1925,3094183069.6072226,2022
926,1926,3835395974.7592015,2022
927,1927,3295044453.9204254,2022
928,1928,3031665887.001787,2022
929,1929,133950717996.90633,2022
930,1930,3815256968.4527516,2022
931,1931,51116654323.76732,2022
932,1932,131344963415.99693,2022
933,1933,1572107280.8951838,2022
934,1934,80322949434.45778,2022
935,1935,98245648391.1353,2022
936,1936,3215247092.6479626,2022
937,1937,1761568131.6400833,2022
938,1938,3506310092.385816,2022
939,1939,40493868076.967766,2022
940,1940,4558475996.222518,2022
941,1941,2990250730.2076097,2022
942,1942,2134695714.1681383,2022
943,1943,4294326667.56954,2022
944,1944,3257442603.3380704,2022
945,1945,5338706880.906025,2022
946,1946,4707528307.168037,2022
947,1947,3457732570.195616,2022
948,1948,3301645036.2357635,2022
949,1949,53627767756.67892,2022
950,1950,2133882959.6916006,2022
951,1951,5418230224.017338,2022
952,1952,4455263717.810392,2022
953,1953,4751564032.716433,2022
954,1954,5317131915.379971,2022
955,1955,50389685470.562355,2022
956,1956,1834670073.6406634,2022
957,1957,60399499651.32773,2022
958,1958,4604873974.472041,2022
959,1959,67363490929.13561,2022
960,1960,4009677326.7788424,2022
961,1961,46310367141.64375,2022
962,1962,3172919605.7634916,2022
963,1963,3596468110.840736,2022
964,1964,3038201939.176658,2022
965,1965,2065469504.3066735,2022
966,1966,3400683960.122413,2022
967,1967,4996194027.986257,2022
968,1968,3044497609.881186,2022
969,1969,2324896164.2768703,2022
970,1970,71950047333.03973,2022
971,1971,4362381931.739723,2022
972,1972,69707746401.668,2022
973,1973,103939750742.94548,2022
974,1974,4219599385.139081,2022
975,1975,1704291380.1728535,2022
976,1976,47062852629.95619,2022
977,1977,1942867274.278035,2022
978,1978,3971732519.5884004,2022
979,1979,2020499830.480333,2022
980,1980,2243663943.526544,2022
981,1981,4163906468.3667173,2022
982,1982,4469329894.578596,2022
983,1983,2142039518.7448702,2022
984,1984,3189964117.853555,2022
985,1985,5108076409.623902,2022
986,1986,2784639128.5367537,2022
987,1987,2775813104.2519193,2022
988,1988,2585008296.7233634,2022
989,1989,2306786790.6032767,2022
990,1990,3093123530.0122952,2022
991,1991,103625077787.66159,2022
992,1992,5601131923.200506,2022
993,1993,3958944398.957027,2022
994,1994,2705771652.038126,2022
995,1995,5367823634.030881,2022
996,1996,2146480113.2673464,2022
997,1997,3231707781.661965,2022
998,1998,3461429396.0001903,2022
999,1999,4995018709.687589,2022
1000,2000,113913486468.23285,2022
1001,2001,104589268846.90338,2022
1002,2002,4571045130.650452,2022
1003,2003,55355506507.28587,2022
1004,2004,1918823299.3108065,2022
1005,2005,4179762608.9519544,2022
1006,2006,2571229004.840803,2022
1007,2007,97840030967.93457,2022
1008,2008,123219963794.10832,2022
1009,2009,4182533410.4481997,2022
1010,2010,4828726223.637097,2022
1011,2011,3984302207.467229,2022
1012,2012,123186642299.19913,2022
1013,2013,85342779372.55011,2022
1014,2014,4609694374.553301,2022
1015,2015,3680958888.468023,2022
1016,2016,55806391976.71056,2022
1017,2017,5414945039.904418,2022
1018,2018,4634578708.028247,2022
1019,2019,4655195912.62608,2022
1020,2020,2784799641.791076,2022
1021,2021,4705758918.024757,2022
1022,2022,2611439233.435521,2022
1023,2023,2351853204.06663,2022
1024,2024,5539592752.505739,2022
1025,2025,4814045370.888419,2022
1026,2026,3834989898.9707055,2022
1027,2027,2546305882.6274867,2022
1028,2028,4102216808.565191,2022
1029,2029,4518209419.886676,2022
1030,2030,3096774858.980254,2022
1031,2031,3469339460.190958,2022
1032,2032,103017944039.55199,2022
1033,2033,4186218855.603694,2022
1034,2034,4117589177.6457415,2022
1035,2035,57527872766.48606,2022
1036,2036,59181904149.04716,2022
1037,2037,3073214653.4146094,2022
1038,2038,2581169466.4560843,2022
1039,2039,4883134571.056175,2022
1040,2040,5237476477.743473,2022
1041,2041,4457237490.004743,2022
1042,2042,2514357720.0217724,2022
1043,2043,5320280944.068865,2022
1044,2044,3898289096.6074386,2022
1045,2045,5145160502.691538,2022
1046,2046,124176623976.69997,2022
1047,2047,4678392766.026827,2022
1048,2048,91870745103.50635,2022
1049,2049,5382395508.74185,2022
1050,2050,4455508061.274901,2022
1051,2051,1825508184.998616,2022
1052,2052,3229627600.9933176,2022
1053,2053,5325410829.859743,2022
1054,2054,5046427221.476704,2022
1055,2055,2978939395.642358,2022
1056,2056,2460551561.920385,2022
1057,2057,119798277119.44115,2022
1058,2058,2723163993.837151,2022
1059,2059,69268494238.14505,2022
1060,2060,1751254290.39801,2022
1061,2061,1952582202.3187652,2022
1062,2062,92160236771.72475,2022
1063,2063,3818567553.958558,2022
1064,2064,4589238011.173413,2022
1065,2065,3658074937.5616217,2022
1066,2066,2353254567.920024,2022
1067,2067,92126368345.81752,2022
1068,2068,1771482760.0933027,2022
1069,2069,2448340473.764355,2022
1070,2070,86688143616.87218,2022
1071,2071,89959687752.17194,2022
1072,2072,3787957276.832952,2022
1073,2073,5183381983.202539,2022
1074,2074,44439342214.02825,2022
1075,2075,4815302077.515113,2022
1076,2076,4656034004.534606,2022
1077,2077,2638353463.8280993,2022
1078,2078,1814539100.9904995,2022
1079,2079,2295949944.0489416,2022
1080,2080,2419535057.207898,2022
1081,2081,2986665424.302745,2022
1082,2082,94312142937.17844,2022
1083,2083,2042923434.5529819,2022
1084,2084,4020689076.7475204,2022
1085,2085,4965394033.106763,2022
1086,2086,1588769128.9462256,2022
1087,2087,1864542392.1495965,2022
1088,2088,50621894105.16415,2022
1089,2089,4466330197.714415,2022
1090,2090,2181330069.585561,2022
1091,2091,2861723292.043725,2022
1092,2092,3233962862.355527,2022
1093,2093,56269288762.91083,2022
1094,2094,2807709538.4513845,2022
1095,2095,62009134627.4854,2022
1096,2096,67364835809.75822,2022
1097,2097,2665351915.064181,2022
1098,2098,3968317346.188276,2022
1099,2099,4754239369.956495,2022
1100,2100,1853609314.1693387,2022
1101,2101,1748120666.808243,2022
1102,2102,113800769979.02025,2022
1103,2103,85817051617.78314,2022
1104,2104,2376603617.848491,2022
1105,2105,3425565188.700982,2022
1106,2106,4562251761.122829,2022
1107,2107,122699031310.88507,2022
1108,2108,103180771243.70232,2022
1109,2109,3480835041.015055,2022
1110,2110,129990459821.64583,2022
1111,2111,89506937739.43428,2022
1112,2112,2198565922.691508,2022
1113,2113,4634724945.628501,2022
1114,2114,64502885296.45649,2022
1115,2115,1784426747.206615,2022
1116,2116,3054790312.2229342,2022
1117,2117,1682937434.963741,2022
1118,2118,142584711368.622,2022
1119,2119,5033868589.56306,2022
1120,2120,5297982802.3690405,2022
1121,2121,4140000793.2099266,2022
1122,2122,3423712650.9459033,2022
1123,2123,81799168316.22264,2022
1124,2124,3441765638.3877916,2022
1125,2125,5072591569.325054,2022
1126,2126,3806712145.627784,2022
1127,2127,2630948890.0437427,2022
1128,2128,3388769771.782262,2022
1129,2129,3358224804.9184732,2022
1130,2130,4242406587.6203403,2022
1131,2131,4769106293.420523,2022
1132,2132,132064692007.3304,2022
1133,2133,111222715619.01013,2022
1134,2134,66233314809.90354,2022
1135,2135,3502725886.5394974,2022
1136,2136,4337348469.683474,2022
1137,2137,117310503269.75778,2022
1138,2138,4740131731.338368,2022
1139,2139,4694062197.025131,2022
1140,2140,2079231479.2246976,2022
1141,2141,4712077996.646686,2022
1142,2142,3784572656.7453156,2022
1143,2143,60069702713.57603,2022
1144,2144,4544524980.276452,2022
1145,2145,4608312277.713145,2022
1146,2146,3687474024.2020545,2022
1147,2147,5483529263.060835,2022
1148,2148,100311628779.11018,2022
1149,2149,103647587336.83504,2022
1150,2150,95939429638.6232,2022
1151,2151,2685872726.3627114,2022
1152,2152,3986765153.8880587,2022
1153,2153,2554888895.5412493,2022
1154,2154,76052619548.30807,2022
1155,2155,43362092206.16111,2022
1156,2156,3767768858.859918,2022
1157,2157,2400935835.4121704,2022
1158,2158,59099036743.10412,2022
1159,2159,1891530433.3247142,2022
1160,2160,4430882492.080152,2022
1161,2161,2360683180.3532453,2022
1162,2162,5324930603.623877,2022
1163,2163,3648623200.2698874,2022
1164,2164,2300539105.391301,2022
1165,2165,4521487034.844699,2022
1166,2166,98739339517.45009,2022
1167,2167,3356608479.892242,2022
1168,2168,3296665825.023458,2022
1169,2169,1638562861.5525317,2022
1170,2170,41271159653.44084,2022
1171,2171,2041949017.798542,2022
1172,2172,100063825103.34238,2022
1173,2173,4264497202.437133,2022
1174,2174,4413165598.049269,2022
1175,2175,1660832600.7795851,2022
1176,2176,69089832107.45427,2022
1177,2177,2170065934.105134,2022
1178,2178,3960335044.5474195,2022
1179,2179,3160314174.7073064,2022
1180,2180,4801223488.87504,2022
1181,2181,3115426973.0210257,2022
1182,2182,61757326331.04828,2022
1183,2183,1742732018.7523117,2022
1184,2184,2197675275.0549197,2022
1185,2185,106688438480.23026,2022
1186,2186,4993401544.6551695,2022
1187,2187,60990141659.785446,2022
1188,2188,127810736740.92233,2022
1189,2189,4419561169.188704,2022
1190,2190,5012268725.821266,2022
1191,2191,2654045913.6052847,2022
1192,2192,2809657810.7677393,2022
1193,2193,2124291051.7449753,2022
1194,2194,3337850297.703721,2022
1195,2195,3948245775.637619,2022
1196,2196,3692055893.0483413,2022
1197,2197,61638713505.0964,2022
1198,2198,3458095170.8866134,2022
1199,2199,2068105960.3954153,2022
1200,2200,4190602432.997561,2022
1201,2201,4284738101.0528736,2022
1202,2202,5081620705.9159565,2022
1203,2203,131625755047.09549,2022
1204,2204,55576284589.39858,2022
1205,2205,1697933292.2816482,2022
1206,2206,50198898552.68335,2022
1207,2207,82546934955.76741,2022
1208,2208,4209278969.243015,2022
1209,2209,106334336678.74475,2022
1210,2210,4922578620.598616,2022
1211,2211,4004109669.7830477,2022
1212,2212,5299078321.625416,2022
1213,2213,3145205028.308477,2022
1214,2214,4105960894.573086,2022
1215,2215,127991349432.81653,2022
1216,2216,5197543005.8411875,2022
1217,2217,4017257892.0445695,2022
1218,2218,5090868500.7537775,2022
1219,2219,3638181590.5861025,2022
1220,2220,4904334266.192068,2022
1221,2221,69501596946.0264,2022
1222,2222,2454043590.13583,2022
1223,2223,122607010576.33833,2022
1224,2224,1883581834.488542,2022
1225,2225,1590766692.8155363,2022
1226,2226,2593964213.372801,2022
1227,2227,61026107587.510345,2022
1228,2228,39950774469.97103,2022
1229,2229,4037627393.480632,2022
1230,2230,1739888084.3224216,2022
1231,2231,2512664101.732302,2022
1232,2232,3280137257.4057155,2022
1233,2233,4470312341.11955,2022
1234,2234,4565877530.214322,2022
1235,2235,4233131545.648704,2022
1236,2236,3307693527.00157,2022
1237,2237,4498219919.700577,2022
1238,2238,3518949078.5483885,2022
1239,2239,1823936183.5701275,2022
1240,2240,4500046687.790224,2022
1241,2241,51677570874.40435,2022
1242,2242,3857477167.818102,2022
1243,2243,103571324496.53566,2022
1244,2244,4328167445.846826,2022
1245,2245,1979134004.0767028,2022
1246,2246,105142865755.3661,2022
1247,2247,4067128794.3372297,2022
1248,2248,102523401483.03781,2022
1249,2249,4946494824.286183,2022
1250,2250,112163279367.1976,2022
1251,2251,60224185506.45188,2022
1252,2252,3932586830.8332195,2022
1253,2253,117085197776.55989,2022
1254,2254,4267748843.4269767,2022
1255,2255,4387455528.318915,2022
1256,2256,67533096929.39589,2022
1257,2257,2569167448.2561226,2022
1258,2258,4811237094.315622,2022
1259,2259,123777315421.74278,2022
1260,2260,3813122984.865513,2022
1261,2261,4955995948.070314,2022
1262,2262,4150275293.813461,2022
1263,2263,93918092393.49988,2022
1264,2264,1799624477.9942834,2022
1265,2265,2416080997.7784195,2022
1266,2266,3716198875.388291,2022
1267,2267,3963437871.0341296,2022
1268,2268,2589517087.8652525,2022
1269,2269,5329516775.6222515,2022
1270,2270,3340729927.682195,2022
1271,2271,5048021552.253425,2022
1272,2272,2600484933.7100387,2022
1273,2273,75035279218.64381,2022
1274,2274,4965832004.693232,2022
1275,2275,95328474716.37407,2022
1276,2276,2481111370.0168257,2022
1277,2277,5008479706.005602,2022
1278,2278,80069723198.47513,2022
1279,2279,2273931284.683211,2022
1280,2280,81141270723.06972,2022
1281,2281,3363549343.466564,2022
1282,2282,62322566292.855,2022
1283,2283,2573960001.986207,2022
1284,2284,73970571519.39359,2022
1285,2285,2852301819.986309,2022
1286,2286,109272957832.55199,2022
1287,2287,2397979869.125715,2022
1288,2288,1796197790.1871514,2022
1289,2289,1918906152.5358913,2022
1290,2290,3795127387.0853863,2022
1291,2291,2031214029.172477,2022
1292,2292,134143543081.73398,2022
1293,2293,1945680604.4310012,2022
1294,2294,72782849032.43596,2022
1295,2295,96196766322.58566,2022
1296,2296,112490404613.66829,2022
1297,2297,122331094204.9506,2022
1298,2298,82701745239.61305,2022
1299,2299,75197820761.13766,2022
1300,2300,44344980702.1546,2022
1301,2301,134627890153.47136,2022
1302,2302,73659074053.15562,2022
1303,2303,2714709429.3554816,2022
1304,2304,3926944911.5772934,2022
1305,2305,3428618306.0482335,2022
1306,2306,2635054091.612542,2022
1307,2307,2617768752.5314727,2022
1308,2308,4088955532.68668,2022
1309,2309,89590258050.50171,2022
1310,2310,4789385879.055143,2022
1311,2311,123223301664.19472,2022
1312,2312,3581059057.823388,2022
1313,2313,4155671767.181724,2022
1314,2314,3356248660.7403703,2022
1315,2315,4376389797.911258,2022
1316,2316,110555683494.35715,2022
1317,2317,2449833493.4149795,2022
1318,2318,5101338048.362682,2022
1319,2319,4862046350.72094,2022
1320,2320,4762618311.002964,2022
1321,2321,3239890499.9351106,2022
1322,2322,3539681640.890528,2022
1323,2323,4655485373.578991,2022
1324,2324,56773784521.459366,2022
1325,2325,4677217157.331381,2022
1326,2326,40468254774.846375,2022
1327,2327,2907758503.391845,2022
1328,2328,4934470308.88118,2022
1329,2329,66711547617.48525,2022
1330,2330,4551551221.180825,2022
1331,2331,126967905524.2007,2022
1332,2332,3320281622.1686993,2022
1333,2333,3243410328.7867723,2022
1334,2334,3776989052.4434266,2022
1335,2335,92686884950.6774,2022
1336,2336,123209508854.79385,2022
1337,2337,121531743461.2763,2022
1338,2338,4498840148.26202,2022
1339,2339,78349562951.10991,2022
1340,2340,2868396772.122695,2022
1341,2341,5082839262.373842,2022
1342,2342,66079381033.65353,2022
1343,2343,5414477918.419467,2022
1344,2344,121686293020.14287,2022
1345,2345,40909107180.39925,2022
1346,2346,3213457994.552709,2022
1347,2347,4673950000.293688,2022
1348,2348,4284512481.633703,2022
1349,2349,1674308133.8282106,2022
1350,2350,4140175342.92687,2022
1351,2351,112431101299.01112,2022
1352,2352,77546720631.48003,2022
1353,2353,2578566286.7928276,2022
1354,2354,3776222646.382179,2022
1355,2355,2405262941.723747,2022
1356,2356,112339584330.18996,2022
1357,2357,3808018795.9907665,2022
1358,2358,5032546770.785155,2022
1359,2359,66839308013.572624,2022
1360,2360,5134456411.930489,2022
1361,2361,49114237997.19518,2022
1362,2362,3857100158.931164,2022
1363,2363,3860714289.0026813,2022
1364,2364,2170830867.3941927,2022
1365,2365,1682730500.0368106,2022
1366,2366,3012037439.692971,2022
1367,2367,4784516654.764355,2022
1368,2368,4711447196.3926115,2022
1369,2369,4112257906.95321,2022
1370,2370,5037096061.439064,2022
1371,2371,91314065246.11526,2022
1372,2372,57386687753.889595,2022
1373,2373,3406219622.9823527,2022
1374,2374,3769338475.0624533,2022
1375,2375,72439897272.7814,2022
1376,2376,3684155314.670034,2022
1377,2377,5344723038.402916,2022
1378,2378,128475539398.96147,2022
1379,2379,3868355165.659761,2022
1380,2380,2009196303.768955,2022
1381,2381,4105186863.3139033,2022
1382,2382,3039354498.907183,2022
1383,2383,4899559495.696139,2022
1384,2384,5395270057.408201,2022
1385,2385,3086455048.737913,2022
1386,2386,55198856898.29103,2022
1387,2387,3063376364.7505054,2022
1388,2388,67057765262.31137,2022
1389,2389,4113417780.1846914,2022
1390,2390,3060359786.064525,2022
1391,2391,130327214728.64899,2022
1392,2392,4265541884.1683955,2022
1393,2393,5212117725.198394,2022
1394,2394,69607312457.48576,2022
1395,2395,121046690101.84677,2022
1396,2396,4503233874.452664,2022
1397,2397,2731138147.659198,2022
1398,2398,5381216953.295078,2022
1399,2399,3363316130.2552586,2022
1400,2400,68580387640.513115,2022
1401,2401,3935170297.1786237,2022
1402,2402,42007448812.43365,2022
1403,2403,50942533052.922325,2022
1404,2404,95551876858.13484,2022
1405,2405,4115381574.488949,2022
1406,2406,44918818084.05369,2022
1407,2407,4234530885.7796063,2022
1408,2408,73629780855.5224,2022
1409,2409,91531967385.6079,2022
1410,2410,3277426467.917404,2022
1411,2411,2853461398.682693,2022
1412,2412,5054005050.175817,2022
1413,2413,3061616892.7832446,2022
1414,2414,51649296431.24794,2022
1415,2415,2358979367.2954006,2022
1416,2416,1909769823.564475,2022
1417,2417,2166391003.582567,2022
1418,2418,2339717488.891733,2022
1419,2419,2202564679.524423,2022
1420,2420,4020585903.5263047,2022
1421,2421,5385165637.725021,2022
1422,2422,5276808459.2446785,2022
1423,2423,4849128024.984157,2022
1424,2424,4014236429.4365153,2022
1425,2425,4427497023.02834,2022
1426,2426,2056675927.7009685,2022
1427,2427,1819114150.776595,2022
1428,2428,2189497155.2437205,2022
1429,2429,3115869534.431224,2022
1430,2430,75530026466.23195,2022
1431,2431,2574109127.49614,2022
1432,2432,2381800191.0980344,2022
1433,2433,3203747526.5297456,2022
1434,2434,4441901372.371499,2022
1435,2435,2345525392.782126,2022
1436,2436,2028609487.2733483,2022
1437,2437,54384559584.65799,2022
1438,2438,97202003265.0854,2022
1439,2439,4470423631.258192,2022
1440,2440,5081790555.5893345,2022
1441,2441,3469623749.668021,2022
1442,2442,4875123104.653369,2022
1443,2443,4305472335.6639385,2022
1444,2444,70351941286.162,2022
1445,2445,88463985225.9796,2022
1446,2446,70710301697.92683,2022
1447,2447,4111045800.915291,2022
1448,2448,3652878573.7301135,2022
1449,2449,118520188924.30429,2022
1450,2450,1759328013.33951,2022
1451,2451,1761944028.6906986,2022
1452,2452,3855769668.9001064,2022
1453,2453,3607305231.6992702,2022
1454,2454,2043875757.3010352,2022
1455,2455,3407263071.2493916,2022
1456,2456,102520217285.66707,2022
1457,2457,4522320799.881336,2022
1458,2458,125184413157.69751,2022
1459,2459,4899561883.204777,2022
1460,2460,2806047470.227998,2022
1461,2461,3665996150.7780604,2022
1462,2462,4212528996.819341,2022
1463,2463,3159284343.1638703,2022
1464,2464,77687634047.45647,2022
1465,2465,3621324130.420812,2022
1466,2466,3358218934.172939,2022
1467,2467,3687487937.3412323,2022
1468,2468,129293397470.8038,2022
1469,2469,99562051903.30705,2022
1470,2470,92755776331.93564,2022
1471,2471,74789119740.3915,2022
1472,2472,3667370817.951196,2022
1473,2473,80591393480.70505,2022
1474,2474,2058175362.3216646,2022
1475,2475,5226655453.830353,2022
1476,2476,108750873038.42085,2022
1477,2477,4301049588.876727,2022
1478,2478,3806022404.7446365,2022
1479,2479,4492288609.657848,2022
1480,2480,3743908040.5628204,2022
1481,2481,107309816000.19888,2022
1482,2482,2886399324.8315187,2022
1483,2483,5350158847.998407,2022
1484,2484,4272698040.950578,2022
1485,2485,2165481906.2619267,2022
1486,2486,2753153095.070854,2022
1487,2487,2910059788.881613,2022
1488,2488,2647325465.4677057,2022
1489,2489,3006545949.673011,2022
1490,2490,2812868042.739549,2022
1491,2491,84682405345.23474,2022
1492,2492,3416860701.921022,2022
1493,2493,1734779060.0809684,2022
1494,2494,3206487087.4480357,2022
1495,2495,3441153798.469008,2022
1496,2496,85423805197.89743,2022
1497,2497,3885853108.7838807,2022
1498,2498,4833436461.4985485,2022
1499,2499,1955546328.695614,2022
1500,2500,2844740720.904566,2022
1501,2501,3497513610.3619275,2022
1502,2502,4768279908.757646,2022
1503,2503,4843514655.610187,2022
1504,2504,2502007242.669276,2022
1505,2505,4064203375.8904467,2022
1506,2506,130522371800.04929,2022
1507,2507,2320393545.161967,2022
1508,2508,4207167842.8170147,2022
1509,2509,4957149141.141277,2022
1510,2510,58926407423.448296,2022
1511,2511,1843191179.8487933,2022
1512,2512,4400512997.803188,2022
1513,2513,3197196086.5955396,2022
1514,2514,2012518920.6167543,2022
1515,2515,108730063100.1993,2022
1516,2516,79128772135.07709,2022
1517,2517,3214060893.538094,2022
1518,2518,46104734023.29718,2022
1519,2519,109493874971.20558,2022
1520,2520,2422552500.6275024,2022
1521,2521,2584433549.1369715,2022
1522,2522,2359469355.8115635,2022
1523,2523,96636530862.76616,2022
1524,2524,60007229083.26734,2022
1525,2525,126856185364.98093,2022
1526,2526,2753579222.498975,2022
1527,2527,2152515701.104087,2022
1528,2528,2636309256.344018,2022
1529,2529,133774190429.54703,2022
1530,2530,2414039361.855948,2022
1531,2531,3746645445.04215,2022
1532,2532,2471105339.0119696,2022
1533,2533,4832678513.722023,2022
1534,2534,2384800273.323804,2022
1535,2535,3115695474.5594244,2022
1536,2536,106299384768.11737,2022
1537,2537,55099134211.01348,2022
1538,2538,4219255304.843399,2022
1539,2539,3816613691.080804,2022
1540,2540,5256580305.592142,2022
1541,2541,3962345831.4461045,2022
1542,2542,5198695063.918021,2022
1543,2543,2425413475.6929455,2022
1544,2544,3710221285.0387626,2022
1545,2545,41284695042.681656,2022
1546,2546,3837447404.5609794,2022
1547,2547,3867566147.447793,2022
1548,2548,110572831724.25934,2022
1549,2549,4116112123.173943,2022
1550,2550,4653440069.86956,2022
1551,2551,4097816335.4108315,2022
1552,2552,4654864870.476248,2022
1553,2553,5539458454.458674,2022
1554,2554,2534362860.092402,2022
1555,2555,4434626829.428297,2022
1556,2556,4913567573.326896,2022
1557,2557,73687101652.94122,2022
1558,2558,2751780842.331292,2022
1559,2559,2751876030.4147344,2022
1560,2560,3549656988.7715163,2022
1561,2561,2944690971.824711,2022
1562,2562,3994573466.42376,2022
1563,2563,4680146365.084772,2022
1564,2564,108699050210.45483,2022
1565,2565,53658471374.44999,2022
1566,2566,3812915479.632175,2022
1567,2567,68275723677.79781,2022
1568,2568,5276054633.72405,2022
1569,2569,71011568257.86795,2022
1570,2570,4277093714.9581513,2022
1571,2571,4965220031.351647,2022
1572,2572,98238203804.80684,2022
1573,2573,92478966065.66441,2022
1574,2574,78678913311.90108,2022
1575,2575,114925667525.99597,2022
1576,2576,88399534939.9247,2022
1577,2577,4225674407.4204736,2022
1578,2578,127609393556.07718,2022
1579,2579,2783582099.2512565,2022
1580,2580,1858037279.161878,2022
1581,2581,2400837706.1513815,2022
1582,2582,2573500339.7404532,2022
1583,2583,3357862284.1237354,2022
1584,2584,1984920218.4793673,2022
1585,2585,4269136336.8552394,2022
1586,2586,2160136531.1376057,2022
1587,2587,5292042152.925101,2022
1588,2588,2327402050.7377167,2022
1589,2589,2038721925.1767159,2022
1590,2590,60756642742.591736,2022
1591,2591,56115056748.277245,2022
1592,2592,68153770097.292076,2022
1593,2593,66286899475.427826,2022
1594,2594,1729236297.4745572,2022
1595,2595,4413394252.824413,2022
1596,2596,78492527465.1374,2022
1597,2597,5042111352.504513,2022
1598,2598,131492853688.52213,2022
1599,2599,3364968258.3758364,2022
1600,2600,80128525025.71002,2022
1601,2601,5310853868.338105,2022
1602,2602,54923914083.74011,2022
1603,2603,51921748373.92907,2022
1604,2604,1916852118.7950084,2022
1605,2605,4228676787.317881,2022
1606,2606,4475693592.705246,2022
1607,2607,68844444932.66458,2022
1608,2608,111770919430.02248,2022
1609,2609,3107367740.152256,2022
1610,2610,53482382126.8107,2022
1611,2611,2804053552.4589686,2022
1612,2612,146262991599.8656,2022
1613,2613,2780721805.2137446,2022
1614,2614,4161775773.5126867,2022
1615,2615,109823936843.12405,2022
1616,2616,1709477719.3990424,2022
1617,2617,4635825609.133503,2022
1618,2618,62946966691.5924,2022
1619,2619,98323343370.62947,2022
1620,2620,5071748745.033631,2022
1621,2621,131622393258.20221,2022
1622,2622,4931519525.436546,2022
1623,2623,69521301991.99905,2022
1624,2624,1730815231.2166467,2022
1625,2625,130427363539.43884,2022
1626,2626,131324603168.57,2022
1627,2627,111089862951.58243,2022
1628,2628,73983131397.61838,2022
1629,2629,5401030671.39507,2022
1630,2630,48037255292.49774,2022
1631,2631,2171558335.7917485,2022
1632,2632,126008721236.81433,2022
1633,2633,3937881252.051396,2022
1634,2634,100620220978.80183,2022
1635,2635,2825152804.1109877,2022
1636,2636,67629420698.394035,2022
1637,2637,3272354132.9659367,2022
1638,2638,56333757115.01831,2022
1639,2639,2328995632.084304,2022
1640,2640,45596122528.13051,2022
1641,2641,2138457778.267828,2022
1642,2642,2745651966.48451,2022
1643,2643,2959753915.10871,2022
1644,2644,105329696497.22403,2022
1645,2645,4783926862.320842,2022
1646,2646,5490099809.75893,2022
1647,2647,4971407539.105912,2022
1648,2648,114452876423.81879,2022
1649,2649,4734800151.737316,2022
1650,2650,4693406012.191936,2022
1651,2651,3472953834.3498297,2022
1652,2652,2324715034.649008,2022
1653,2653,5113037471.334233,2022
1654,2654,84555390047.38853,2022
1655,2655,4554800436.951214,2022
1656,2656,4093743863.9800754,2022
1657,2657,115685769462.46925,2022
1658,2658,2794700763.6064334,2022
1659,2659,86654449248.15068,2022
1660,2660,4199326938.8789115,2022
1661,2661,3376956619.702146,2022
1662,2662,3218420314.3010726,2022
1663,2663,4633640119.232003,2022
1664,2664,4534653146.73587,2022
1665,2665,43796633245.28109,2022
1666,2666,83816979844.3418,2022
1667,2667,5467151733.319443,2022
1668,2668,3221287593.1138744,2022
1669,2669,3002221705.151748,2022
1670,2670,4852413584.939086,2022
1671,2671,3624943289.2611,2022
1672,2672,102706084800.82004,2022
1673,2673,4809401951.6354475,2022
1674,2674,2168858546.400419,2022
1675,2675,91025779201.41576,2022
1676,2676,5102278513.798162,2022
1677,2677,4710523612.928153,2022
1678,2678,97616010393.41388,2022
1679,2679,4420420584.86769,2022
1680,2680,118335198442.38385,2022
1681,2681,2730294654.04097,2022
1682,2682,2718277970.0279117,2022
1683,2683,55204291088.00711,2022
1684,2684,1680069553.6500702,2022
1685,2685,3085444189.0031996,2022
1686,2686,66148146036.9512,2022
1687,2687,3840291719.182476,2022
1688,2688,44121268547.12807,2022
1689,2689,64779656544.15596,2022
1690,2690,3446469416.420183,2022
1691,2691,129790740885.8841,2022
1692,2692,3872375193.294791,2022
1693,2693,2152629508.4684324,2022
1694,2694,4854532358.250654,2022
1695,2695,64270907299.52614,2022
1696,2696,4845592881.203025,2022
1697,2697,2576020325.009153,2022
1698,2698,2881459810.429554,2022
1699,2699,2231259291.7022333,2022
1700,2700,3956868819.2364306,2022
1701,2701,73678359475.6913,2022
1702,2702,4520651012.416792,2022
1703,2703,4619445011.75919,2022
1704,2704,96857681602.3416,2022
1705,2705,5174772252.734962,2022
1706,2706,71461888463.68869,2022
1707,2707,3490603048.7845836,2022
1708,2708,76223165384.4445,2022
1709,2709,4460951279.84988,2022
1710,2710,2004806006.2094884,2022
1711,2711,2603954738.271564,2022
1712,2712,47127421346.933685,2022
1713,2713,130244696951.7009,2022
1714,2714,3445523388.3892674,2022
1715,2715,5401518917.348108,2022
1716,2716,109525054541.76103,2022
1717,2717,2173460672.723355,2022
1718,2718,2909061553.2251825,2022
1719,2719,3127832569.023524,2022
1720,2720,4033318171.9835286,2022
1721,2721,2784597441.5630054,2022
1722,2722,3660258057.195141,2022
1723,2723,114453170689.99622,2022
1724,2724,3105189856.5405755,2022
1725,2725,4820427456.851875,2022
1726,2726,38326705915.78574,2022
1727,2727,3196431279.521434,2022
1728,2728,84451010152.21906,2022
1729,2729,1911609137.0822725,2022
1730,2730,2800797017.1921024,2022
1731,2731,3248394226.055833,2022
1732,2732,5069660027.025457,2022
1733,2733,1801724281.699128,2022
1734,2734,82184200932.54118,2022
1735,2735,104721538346.57199,2022
1736,2736,1992663692.3818705,2022
1737,2737,102384914570.05472,2022
1738,2738,3541064713.09801,2022
1739,2739,2075731037.9197774,2022
1740,2740,4179035735.8194346,2022
1741,2741,126289778748.33992,2022
1742,2742,1682626231.537721,2022
1743,2743,96062062629.54787,2022
1744,2744,3660482377.046585,2022
1745,2745,3492070667.8332167,2022
1746,2746,3914165238.543988,2022
1747,2747,117595730409.21399,2022
1748,2748,72500656695.9923,2022
1749,2749,89165651771.84589,2022
1750,2750,2750067155.498314,2022
1751,2751,4299219794.306151,2022
1752,2752,2970763902.2142816,2022
1753,2753,4118222675.234903,2022
1754,2754,2956594938.4038053,2022
1755,2755,129913264111.5194,2022
1756,2756,2800450807.0794563,2022
1757,2757,2058906146.756101,2022
1758,2758,126037067005.20024,2022
1759,2759,84867192063.62247,2022
1760,2760,5365588849.280574,2022
1761,2761,3040997904.490077,2022
1762,2762,53672809370.51264,2022
1763,2763,3762194222.569347,2022
1764,2764,2325358293.450566,2022
1765,2765,46436508191.79703,2022
1766,2766,118731038992.47134,2022
1767,2767,2678659358.7119355,2022
1768,2768,86527257643.4967,2022
1769,2769,2750234917.072599,2022
1770,2770,2059296411.4383678,2022
1771,2771,82820040148.27042,2022
1772,2772,3963453625.248242,2022
1773,2773,5279097682.115056,2022
1774,2774,3895544504.407498,2022
1775,2775,4749214238.294716,2022
1776,2776,2500701965.2707906,2022
1777,2777,126195340043.96846,2022
1778,2778,68197547347.14231,2022
1779,2779,5137457548.477336,2022
1780,2780,2369506121.5267205,2022
1781,2781,1641599527.6791232,2022
1782,2782,55621836507.33131,2022
1783,2783,56031780097.240036,2022
1784,2784,96743134230.74002,2022
1785,2785,78217333241.9186,2022
1786,2786,3181229099.1258864,2022
1787,2787,1916939095.9756496,2022
1788,2788,4277014798.741624,2022
1789,2789,57966134039.44837,2022
1790,2790,2485219067.2923737,2022
1791,2791,53672456771.70319,2022
1792,2792,5034973897.601085,2022
1793,2793,3145122287.3827643,2022
1794,2794,99370781821.45055,2022
1795,2795,2242749268.808701,2022
1796,2796,3490302492.6311264,2022
1797,2797,1891631068.8070016,2022
1798,2798,5210183025.381786,2022
1799,2799,1915100042.7822762,2022
1800,2800,50493106747.05427,2022
1801,2801,3777676471.2185154,2022
1802,2802,107079733004.48164,2022
1803,2803,4893607221.218109,2022
1804,2804,66258471574.283966,2022
1805,2805,3280394132.1101475,2022
1806,2806,1714315422.0562732,2022
1807,2807,3135430579.913365,2022
1808,2808,66613551394.53235,2022
1809,2809,2407001572.894101,2022
1810,2810,116766123847.6191,2022
1811,2811,2548552219.18814,2022
1812,2812,3516185864.938245,2022
1813,2813,5059471343.637673,2022
1814,2814,4250046824.8587193,2022
1815,2815,1797688510.0723093,2022
1816,2816,3321881260.272572,2022
1817,2817,4263988429.2790647,2022
1818,2818,4688630461.575341,2022
1819,2819,51414092391.846,2022
1820,2820,4673224787.831803,2022
1821,2821,84692510082.17812,2022
1822,2822,104037203831.26291,2022
1823,2823,2964633349.9024544,2022
1824,2824,4026535873.588205,2022
1825,2825,81089958427.69604,2022
1826,2826,80067983018.0019,2022
1827,2827,4317859695.588512,2022
1828,2828,88409096953.96388,2022
1829,2829,2514247917.9501696,2022
1830,2830,4753645364.032722,2022
1831,2831,1800864149.335472,2022
1832,2832,2215744925.188684,2022
1833,2833,5019559814.676595,2022
1834,2834,56117513142.22687,2022
1835,2835,4161590857.1367664,2022
1836,2836,4227142567.674089,2022
1837,2837,4198835656.6770306,2022
1838,2838,4917440613.265378,2022
1839,2839,2776218983.123423,2022
1840,2840,103127226242.50394,2022
1841,2841,5275230711.330223,2022
1842,2842,117091693685.08864,2022
1843,2843,3498370344.0558147,2022
1844,2844,129492887718.33032,2022
1845,2845,1889109270.9390981,2022
1846,2846,101646288785.47203,2022
1847,2847,2644083985.857657,2022
1848,2848,4562776899.194264,2022
1849,2849,110593914164.18025,2022
1850,2850,2183348271.914101,2022
1851,2851,2039858721.1107771,2022
1852,2852,1901554528.914829,2022
1853,2853,1760703557.4844842,2022
1854,2854,47320356296.597374,2022
1855,2855,53678635616.55753,2022
1856,2856,127401252058.82176,2022
1857,2857,51528969429.050896,2022
1858,2858,5103005451.151001,2022
1859,2859,3838307168.4291406,2022
1860,2860,5379072266.46917,2022
1861,2861,3166180178.530574,2022
1862,2862,2075847283.7577112,2022
1863,2863,2237800578.496584,2022
1864,2864,3001585518.7422113,2022
1865,2865,2344913065.8223963,2022
1866,2866,49297326176.33367,2022
1867,2867,97644184584.32573,2022
1868,2868,4911566985.390354,2022
1869,2869,2351114915.767334,2022
1870,2870,2047546937.8946936,2022
1871,2871,3894770574.918886,2022
1872,2872,2377621649.6225033,2022
1873,2873,1786238197.9313705,2022
1874,2874,1771434095.1254134,2022
1875,2875,4718171579.846568,2022
1876,2876,59087581022.736,2022
1877,2877,2248830740.1704173,2022
1878,2878,106856710780.60379,2022
1879,2879,75952828046.64973,2022
1880,2880,3494156028.9994903,2022
1881,2881,3614010061.5077095,2022
1882,2882,2937423362.956251,2022
1883,2883,80488286824.30992,2022
1884,2884,129519664702.77719,2022
1885,2885,66775125628.1926,2022
1886,2886,5556326743.461673,2022
1887,2887,73355398054.0701,2022
1888,2888,2388938936.8218746,2022
1889,2889,3603774209.938724,2022
1890,2890,61582643100.36178,2022
1891,2891,2356098805.836803,2022
1892,2892,4744855864.987113,2022
1893,2893,4135401495.747057,2022
1894,2894,3834531384.1993594,2022
1895,2895,121535854915.05054,2022
1896,2896,2919863576.6342306,2022
1897,2897,2316712762.4739804,2022
1898,2898,4024654112.236622,2022
1899,2899,2797210865.982709,2022
1900,2900,1742141922.0297155,2022
1901,2901,114921247197.27048,2022
1902,2902,2134966263.196451,2022
1903,2903,2911969277.019731,2022
1904,2904,118397361203.63892,2022
1905,2905,3253323935.353504,2022
1906,2906,54165902059.10217,2022
1907,2907,46193894929.12757,2022
1908,2908,4079760821.6818905,2022
1909,2909,91533043685.46513,2022
1910,2910,4285233218.694768,2022
1911,2911,93813494026.99625,2022
1912,2912,70304313462.28496,2022
1913,2913,3856768106.8355904,2022
1914,2914,5018181860.262058,2022
1915,2915,2864966261.928458,2022
1916,2916,4790675171.435707,2022
1917,2917,1891076622.4688597,2022
1918,2918,4379862021.366647,2022
1919,2919,4632404852.209375,2022
1920,2920,2076498247.9171698,2022
1921,2921,2061821742.1099668,2022
1922,2922,5184862239.846866,2022
1923,2923,2558459430.6061106,2022
1924,2924,2197812107.7397738,2022
1925,2925,2414262615.107097,2022
1926,2926,43106928021.34436,2022
1927,2927,1883544879.318594,2022
1928,2928,3443878536.4378295,2022
1929,2929,2847359769.0443363,2022
1930,2930,41031141144.84255,2022
1931,2931,109874455853.02597,2022
1932,2932,2860298429.4146514,2022
1933,2933,108627584073.37395,2022
1934,2934,2956965383.153342,2022
1935,2935,46782158853.28151,2022
1936,2936,91736551609.32297,2022
1937,2937,115958055596.48027,2022
1938,2938,5031243128.905654,2022
1939,2939,4955467679.526242,2022
1940,2940,3516392379.435187,2022
1941,2941,1752527112.4705634,2022
1942,2942,3775248293.081748,2022
1943,2943,3843876728.6364665,2022
1944,2944,5443563141.038585,2022
1945,2945,121536104774.77954,2022
1946,2946,67041154192.38878,2022
1947,2947,4279167871.43555,2022
1948,2948,4281244123.6452193,2022
1949,2949,4177971921.8687286,2022
1950,2950,50471362037.04045,2022
1951,2951,72369016853.73038,2022
1952,2952,3899244346.017142,2022
1953,2953,109606633697.24164,2022
1954,2954,53006110089.973404,2022
1955,2955,97721994930.47766,2022
1956,2956,4962124956.312315,2022
1957,2957,2727311509.1288176,2022
1958,2958,124157582743.39188,2022
1959,2959,2792918287.560505,2022
1960,2960,5675721947.661383,2022
1961,2961,2277436265.625876,2022
1962,2962,2553191982.8637495,2022
1963,2963,2388537487.6235056,2022
1964,2964,5534864416.383386,2022
1965,2965,4005039419.779105,2022
1966,2966,1794110622.533919,2022
1967,2967,3552395958.1202626,2022
1968,2968,3353768528.7810273,2022
1969,2969,2912984883.919436,2022
1970,2970,2839984088.789524,2022
1971,2971,1779664924.6992347,2022
1972,2972,3637297751.201548,2022
1973,2973,90671264863.58348,2022
1974,2974,3186268040.535724,2022
1975,2975,2071113728.4420009,2022
1976,2976,3926261767.481303,2022
1977,2977,3402522610.905472,2022
1978,2978,3563706244.7367673,2022
1979,2979,2232697960.880749,2022
1980,2980,110452298304.07382,2022
1981,2981,3552654771.308101,2022
1982,2982,67411869306.84232,2022
1983,2983,4849946279.102762,2022
1984,2984,2488020172.414262,2022
1985,2985,3516496106.735689,2022
1986,2986,3643857003.3273215,2022
1987,2987,3026019413.316419,2022
1988,2988,4936151631.057306,2022
1989,2989,5087557875.957546,2022
1990,2990,4740904000.790149,2022
1991,2991,60855036664.48633,2022
1992,2992,2036671112.911957,2022
1993,2993,2932517751.540685,2022
1994,2994,2046003125.9285038,2022
1995,2995,4989997356.060173,2022
1996,2996,5258694330.793399,2022
1997,2997,2169157186.4291286,2022
1998,2998,2453091234.379387,2022
1999,2999,2535614030.6638284,2022
